title,size,no_of_shares,coordinate
Nec Corp.,50,5,"28.9386, -77.07438"
Ipsum Institute,40,9,"75.30097, 167.88283"
Tellus Foundation,19,45,"-21.77337, 179.5713"
Pede LLP,15,3,"-82.57289, -85.64507"
Felis Ullamcorper Viverra Inc.,47,8,"-72.735, -111.67694"
Aliquet Metus Urna Corp.,2,61,"30.38089, 10.81967"
Sit Amet Diam Company,45,47,"40.36839, 85.05785"
Vitae Aliquam Eros Foundation,34,34,"81.8039, 87.14521"
Penatibus Inc.,32,97,"85.37635, -157.15551"
Vitae Incorporated,40,12,"87.4157, 68.8722"
Ornare Lectus PC,35,85,"38.50054, -41.12674"
Nisl Quisque Fringilla Incorporated,21,69,"-72.61743, 98.7549"
Tincidunt Congue Turpis LLP,16,13,"-45.37224, -24.69506"
Sagittis Nullam Vitae Ltd,12,89,"61.86446, -97.53593"
Nunc LLP,27,23,"58.01591, -24.17556"
Nonummy Ut Molestie PC,50,100,"-12.2093, 119.23908"
Molestie Sed Id Company,30,38,"-41.07231, 144.32332"
Neque Consulting,42,42,"-21.47737, 53.19966"
Lectus Pede Et LLP,43,39,"12.5077, -35.35575"
Porttitor Vulputate Posuere Institute,49,6,"-10.64898, -176.90411"
Lacus Quisque Imperdiet Institute,48,97,"-55.71435, -30.00347"
Cursus Company,22,95,"-65.5371, 31.50828"
Ut Dolor Dapibus PC,33,77,"-35.98892, -7.79613"
Aliquam LLP,17,94,"9.44392, -81.4944"
Suspendisse Commodo Incorporated,41,70,"7.86082, -35.9451"
Vivamus Sit Incorporated,19,78,"-72.2452, -152.67869"
Molestie In LLP,35,69,"-1.53043, -66.15259"
Dolor Quam Elementum Inc.,14,42,"20.41292, 25.10208"
Turpis LLP,24,100,"74.91492, 22.16913"
Neque Morbi Company,31,12,"52.62492, -128.83937"
Sapien Limited,18,49,"55.88484, 2.65474"
Metus Foundation,12,25,"17.13708, -57.08237"
Auctor LLC,18,79,"48.00988, -31.83823"
Nunc Ullamcorper Limited,9,39,"-66.18395, 12.91662"
Donec Tempor LLC,10,30,"78.86025, 134.94926"
Pharetra Sed Hendrerit Inc.,26,67,"-2.29659, -154.26417"
Nisl LLP,11,53,"70.73727, 25.69094"
Hendrerit Foundation,39,72,"-36.98932, 60.71775"
Nascetur Ridiculus Mus Institute,48,26,"-69.9501, 63.36824"
Morbi Associates,46,99,"-36.55836, -9.86824"
Aliquet Odio Etiam Consulting,33,70,"17.17856, -51.13443"
Vehicula Risus Inc.,27,38,"54.39412, 78.41001"
Sociis Corp.,33,45,"23.75695, 144.24691"
Sed Orci Ltd,38,75,"72.88528, 95.95997"
Ligula LLC,38,39,"41.82294, 90.75641"
Ipsum Suspendisse PC,10,72,"33.19193, -80.3801"
Viverra PC,23,20,"69.82499, -175.29204"
Aliquam PC,5,44,"-27.59504, -122.7867"
Eget PC,33,49,"20.07273, -166.50221"
Ornare Elit Incorporated,2,9,"72.06715, 98.83028"
Ipsum Sodales Corporation,37,50,"-49.08581, 138.76349"
Quisque Foundation,33,24,"9.50683, 54.62461"
Semper Dui Lectus LLP,27,32,"6.58022, -154.42534"
Eu Limited,38,5,"-60.32998, -32.71392"
Viverra Donec Tempus Foundation,18,64,"-80.50678, 140.81044"
Phasellus Dapibus Quam Limited,12,56,"-16.22509, 50.79481"
Sollicitudin A Institute,13,82,"-21.70463, -61.56539"
Velit Aliquam LLP,39,71,"59.89291, 109.83314"
Posuere At Corporation,17,40,"38.67398, 74.26058"
Leo Elementum LLP,13,57,"56.48122, -123.46127"
Congue Corp.,4,85,"65.70672, 94.86311"
Pellentesque LLP,26,57,"57.95576, 60.05621"
Scelerisque Lorem Company,5,22,"14.41105, 18.3404"
Tempus Lorem PC,34,61,"-14.63735, 72.94823"
Integer Id Company,4,11,"68.8483, 37.5964"
Auctor Velit PC,21,86,"88.66549, -151.98072"
Turpis Non Enim Foundation,16,93,"10.46382, 146.18937"
Pharetra Nam Ac Corp.,14,26,"4.25468, -168.06552"
Eu LLC,22,3,"19.36185, -92.32525"
Dui LLC,40,71,"84.54501, 55.01303"
Molestie Pharetra Nibh Associates,33,35,"-38.89956, 10.9062"
Sit Amet Foundation,19,37,"37.98971, 12.51704"
Odio Sagittis Consulting,36,81,"36.02772, 38.62076"
Scelerisque Incorporated,20,61,"12.77434, -121.45657"
Mauris Ut Mi Limited,44,44,"55.03663, -130.98316"
Nibh Vulputate Mauris Company,40,21,"82.46206, 50.20727"
Erat Ltd,49,10,"-30.26861, -117.23925"
Lobortis Risus LLC,39,31,"87.80263, -164.33476"
Nec Eleifend Foundation,33,75,"-39.53466, -138.74938"
Mauris Vestibulum Neque Inc.,38,61,"-80.42097, 67.99724"
Quam Quis Foundation,11,7,"21.70565, -11.86003"
In Consulting,21,72,"87.94033, -109.24477"
Dis Parturient Industries,41,57,"47.6463, 77.20232"
Ut Nec Urna Corporation,43,99,"-26.82745, -5.02806"
Nunc LLC,6,42,"8.03472, -53.86477"
Quis Inc.,32,55,"-17.67546, 65.7572"
Magna A Tortor Inc.,27,2,"38.46629, -172.09102"
Suspendisse Inc.,34,56,"28.54177, -176.51943"
Gravida Nunc Inc.,45,83,"54.54039, 66.47128"
Viverra Associates,25,20,"-22.94915, -139.3319"
Duis LLC,5,90,"30.36168, 49.9611"
Nunc Incorporated,10,36,"35.68305, 71.68226"
Dignissim Pharetra Inc.,1,79,"21.22279, 23.83373"
Morbi Institute,37,74,"34.12718, -124.18865"
Neque Consulting,33,53,"12.77807, 109.79754"
Volutpat Nulla Incorporated,25,81,"77.23722, 1.06932"
Tempor Diam Limited,21,17,"-35.87015, 158.86296"
Suspendisse Commodo Company,6,66,"75.57984, -20.67811"
Bibendum Donec Institute,45,57,"30.42326, 171.98583"
Varius Orci In Consulting,32,28,"86.40378, 66.53131"